{"cameraMode":{"drawMode":0,"name":"Shaded","section":"Shading Mode"},"sceneLighting":true,"audioPlay":false,"sceneViewState":{"m_AlwaysRefresh":false,"showFog":true,"showSkybox":true,"showFlares":true,"showImageEffects":true,"showParticleSystems":true,"showVisualEffectGraphs":true,"m_FxEnabled":true},"in2DMode":false,"pivot":{"x":-0.08902087062597275,"y":-0.4211738109588623,"z":-3.3057806491851808},"rotation":{"x":-0.005430376622825861,"y":0.9808863997459412,"z":-0.1925218552350998,"w":-0.027667447924613954},"size":3.162891387939453,"orthographic":false}